{
  "version": "7",
  "dialect": "mysql",
  "entries": [
    {
      "idx": 0,
      "version": "5",
      "when": 1769685256761,
      "tag": "0000_complete_nehzno",
      "breakpoints": true
    },
    {
      "idx": 1,
      "version": "5",
      "when": 1769752159834,
      "tag": "0001_dry_tinkerer",
      "breakpoints": true
    },
    {
      "idx": 2,
      "version": "5",
      "when": 1769763532748,
      "tag": "0002_sharp_korath",
      "breakpoints": true
    },
    {
      "idx": 3,
      "version": "5",
      "when": 1769765107170,
      "tag": "0003_minor_morlocks",
      "breakpoints": true
    },
    {
      "idx": 4,
      "version": "5",
      "when": 1769783113378,
      "tag": "0004_graceful_sprite",
      "breakpoints": true
    },
    {
      "idx": 5,
      "version": "5",
      "when": 1769784127135,
      "tag": "0005_gigantic_tempest",
      "breakpoints": true
    },
    {
      "idx": 6,
      "version": "5",
      "when": 1769791997125,
      "tag": "0006_dashing_cardiac",
      "breakpoints": true
    },
    {
      "idx": 7,
      "version": "5",
      "when": 1769841666107,
      "tag": "0007_fluffy_lethal_legion",
      "breakpoints": true
    },
    {
      "idx": 8,
      "version": "5",
      "when": 1770102336195,
      "tag": "0008_marvelous_madripoor",
      "breakpoints": true
    },
    {
      "idx": 9,
      "version": "5",
      "when": 1770130693122,
      "tag": "0009_shiny_stick",
      "breakpoints": true
    }
  ]
}